-- =============================
-- CLIENTS
-- =============================
insert into client (id, name, nif, email, address) values
    (1, 'TBI Investimentos Unipessoal Lda', '513557628', 'marcio.coutinho@tbi-invest.com', 'Av. da República 55 5 Esq. 4450-241 Matosinhos'),
    (2, 'Rodrigo Mendes - Ritualalcance', '514834404', 'Rodrigogalizamendes@hotmail.com', 'Rua Tenente Valadim, n.° 252 4100- 476 Porto');

-- =============================
-- EMPLOYEES
-- =============================
insert into employee (name) values
    ('Armanda'),
    ('Patrícia'),
    ('Andreia'),
    ('Paula'),
    ('Andresa'),
    ('Pri');

-- =============================
-- HOUSES (MVP)
-- short_name is what the bot shows: "Casa 1", etc.
-- name can be more descriptive later.
-- =============================
insert into house (name, short_name, client_id, price_per_clean) values
    ('Almada Luxury House with A/C, Downtown near Metro - Rua do Almada','Almada',1,31.00),
    ('Art Deco 11 Luxury 2BR Apartment Downtown Metro AC - Rua do Campinho','Art Deco 11',1,34.27),
    ('Art Deco 12 Luxury 2BR Apartment Downtown Metro AC - Rua do Campinho','Art Deco 12',1,34.27),
    ('Art Deco 13 Luxury 2BR Apartment Downtown Metro AC - Avenida Rodrigues de Freitas','Art Deco 13',1,34.27),
    ('Art Deco 14 Luxury Apartment Downtown Metro AC - Avenida Rodrigues de Freitas','Art Deco 14',1,34.27),
    ('Art Deco 21 Luxury 2BR Apartment Downtown Metro AC - Rua do Campinho','Art Deco 21',1,34.27),
    ('Art Deco 22 Luxury 2BR Apartment Downtown Metro AC - Rua do Campinho','Art Deco 22',1,34.27),
    ('Art Deco 23 Luxury 2BR Apartment Downtown Metro AC - Avenida Rodrigues de Freitas','Art Deco 23',1,34.27),
    ('Art Deco 24 Luxury Apartment Downtown Metro AC - Avenida Rodrigues de Freitas','Art Deco 24',1,34.27),
    ('Art Deco 31 Luxury 2BR Apartment Downtown Metro AC - Rua do Campinho','Art Deco 31',1,34.27),
    ('Art Deco 32 Luxury 2BR Apartment Downtown Metro AC - Rua do Campinho','Art Deco 32',1,34.27),
    ('Art Deco 33 Luxury 2BR Apartment Downtown Metro AC - Avenida Rodrigues de Freitas','Art Deco 33',1,34.27),
    ('Art Deco 41 Luxury Apartment Downtown Metro AC - Rua do Campinho','Art Deco 41',1,31.00),
    ('Art Deco 42 Luxury 2BR Apartment Downtown Metro AC - Rua do Campinho','Art Deco 42',1,34.27),
    ('Bailarina Historic Luxury House at Rua das Flores - Rua do Ferraz','Bailarina',1,39.27),
    ('Beautiful Loft w/AC, Balcony , Downtown near Metro - Rua de Camões','Loft',1,31.00),
    ('Bicycle Luxury House, parking, downtown near metro - Rua da Alegria','Bicycle',1,31.00),
    ('Cedofeita Sunshine Luxury Apartment Downtown Porto - Rua de Cedofeita','Sunshine',1,31.00),
    ('Central Luxury Apartment w/AC Metro Downtown Porto - Rua do Pinheiro','Central',1,31.00),
    ('Chimney Luxury House w/AC - Avenida de Rodrigues de Freitas','Chimney',1,31.00),
    ('Cinema Luxury House, A/C Downtown Porto near Metro - Rua de Santo Ildefonso','Cinema',1,34.27),
    ('City Luxury Apartment, Downtown Porto near Metro - Rua de Costa Cabral','City',1,34.27),
    ('Cosy House Downtown Porto w/ swimming pool and AC - Rua Clemente Meneres','Cosy House',1,31.00),
    ('Discovery Luxury Historic House At Rua das Flores - Rua do Ferraz','Discovery Luxury Historic House',1,36.00),
    ('Duque Luxury Apartment Downtown Porto near Metro - Rua Duque de Loulé','Duque',1,34.27),
    ('Estefânia Luxury Apartment Historic House Downtown - Rua do Ferraz','Estefânia',1,36.00),
    ('Exclusive Charm House - Avenida Rodrigues Freitas','Exclusive',1,31.00),
    ('Fashion Luxury House with A/C, Downtown near Metro - Rua de Santo Ildefonso','Fashion',1,34.27),
    ('Garden Luxury House | Downtown Oporto with AC - Rua Alexandre Herculano','Garden',1,39.27),
    ('Glamour by the River - Rua de São Vitor','Glamour',1,31.00),
    ('Golden Factory Apartment Downtown, Terrace and AC - Avenida Rodrigues de Freitas','Factory',1,31.00),
    ('Green Garden Luxury House w/ AC, Metro & Downtown - Rua de Santo Ildefonso 410','Green Garden',1,31.00),
    ('Historic Porto Nook Downtown Porto near metro - Rua do Cativo','Historic',1,31.00),
    ('Industrial Cozy Loft, Downtown Porto - R. Dr. Alves da Veiga','Industrial',1,31.00),
    ('Login Luxury Apartment - Rua Formosa','Login',1,34.27),
    ('Lovely Nest w/AC, Charm house Downtown Porto near - Rua de Dom João IV','Lovely',1,34.27),
    ('Luxury Artistic House, Downtown Porto near Metro - Rua do Almada','Artistic',1,31.00),
    ('Luxury House with A/C, Downtown Porto near Metro - Rua de Santo Ildefonso','Luxury',1,34.27),
    ('Luxury Studio, with A/C Downtown Porto near Metro - Rua do Almada','Studio',1,31.00),
    ('Luxury Style 1 with A/C Downtown Porto near Metro - Rua Entreparedes','Style 1',1,31.00),
    ('Luxury Style 10 with A/C Downtown Porto near Metro - Rua Entreparedes','Style 10',1,31.00),
    ('Luxury Style 20 with AC Downtown Porto near Metro - Rua Entreparedes','Style 20',1,34.27),
    ('Luxury Style 30 with AC Downtown Porto near Metro - Rua Entreparedes','Style 30',1,31.00),
    ('Luxury Style 4 with A/C Downtown Porto near Metro - Rua Entreparedes','Style 4',1,31.00),
    ('Luxury Style 6 with A/C Downtown Porto near Metro - Rua Entreparedes','Style 6',1,31.00),
    ('Luxury Style 7 with A/C Downtown Porto near Metro - Rua Entreparedes','Style 7',1,31.00),
    ('Luxury Swimming Pool 1 with AC, Downtown and Metro - Rua dos Mártires da Liberdade','SP1',1,31.00),
    ('Luxury Swimming Pool 2 with AC, Downtown and Metro - Rua dos Mártires da Liberdade','SP2',1,31.00),
    ('Magnolia 1 Luxury with AC Metro Downtown Porto - Rua do Pinheiro','Magnolia 1',1,31.00),
    ('Magnolia 3 Luxury with AC Metro Downtown Porto - Rua do Pinheiro','Magnolia 3',1,31.00),
    ('Magnolia 5 Luxury with AC Metro Downtown Porto - Rua do Pinheiro','Magnolia 5',1,39.27),
    ('Maria Pia Historic Luxury Apartment with Terrace - Rua do Ferraz','Maria Pia',1,36.00),
    ('Modern Loft, with AC, Metro, Downtown Porto - Rua do Pinheiro','Modern',1,31.00),
    ('Nature Cosy Private House,w/AC Downtown near Metro - Rua de São Brás','Nature',1,31.00),
    ('Nautical Luxury Loft - Rua do Freixo','Nautical',1,31.00),
    ('Oporto Artists Loft, Duplex Downtown near Metro - Rua da Torrinha','Artists',1,34.27),
    ('Oporto Swimming Pool House with AC, Downtown Metro - Rua dos Mártires da Liberdade','Oporto',1,31.00),
    ('Panoramic Luxury Apartment with Terrace AC Metro - Rua do Pinheiro','Panoramic',1,31.00),
    ('Poetry Luxury House, with A/C Downtown near Metro - Rua do Almada','Poetry',1,31.00),
    ('Pop Art Luxury Apartment w/Ac - Rua do Almada','Pop Art',1,31.00),
    ('Romantic Luxury House w/ Captivating Outdoor Patio - Rua António Cândido','Romantic',1,51.83),
    ('Santa Catarina Charm Apartment Downtown near Metro - Rua Santa Catarina','Santa Catarina',1,31.00),
    ('São Bento Luxury Hideaway 2 Bedroom Downtown Porto - Rua Cimo da Vila','São Bento',1,34.27),
    ('Skylight Luxury House with A/C in Downtown Porto - Rua do Almada','Skylight',1,31.00),
    ('Stylish Downtown Porto Duplex 2BR Walk everywhere! - Rua Mouzinho da Silveira','Stylish',1,39.27),
    ('Sunflower Luxury Loft with AC Metro Downtown Porto - Rua do Pinheiro','Sunflower',1,31.00),
    ('Sunny and Spacious House, 4BD 3Bath Downtown Porto - Rua do Breiner','Breiner',1,101.63),
    ('Sunset Luxury House with Garden A/C Downtown Porto - Rua do Almada','Sunset',1,40.08),
    ('Sunshine Luxury House Urban Retreat Downtown Porto - Rua do Heroísmo','Sunshine',1,31.00),
    ('Swimming Pool Luxury House, with AC Downtown Porto - Rua de Clemente Meneres','Swimming Pool Luxury House',1,31.00),
    ('Terrace Bliss w/AC Downtown Porto - Rua Martires da Liberdade','Bliss',1,31.00),
    ('The Bitcoin Chapel | Iconic Luxury Residence - Rua do Ferraz','Chapel',1,36.00),
    ('The Luxe Cube Apartment, A/C, Downtown near Metro - Largo dos Loios','Cube',1,31.00),
    ('Theater Studio with AC, Downtown Porto near Metro - Avenida de Rodrigues de Freitas','Theater',1,31.00),
    ('Trindade Essence Duo Suites - Travessa Alferes Malheiro','Trindade',1,39.27),
    ('Urban Luxury Apartment, Downtown Porto near Metro - Rua de Costa Cabral','Urban',1,34.27),
    ('Victoria Luxury Apartment, Historic House Downtown - Rua do Ferraz','Victoria',1,56.80),
    ('Vintage Luxury House with A/C, Downtown near Metro - Rua do Bonjardim','Vintage',1,31.00),
    ('Wine Luxury House, Downtown Porto near Metro - Rua das Fontainhas','Wine',1,31.00),
    ('Wood Haven Luxury Duplex Downtown Porto with A/C - Rua da Torrinha','Wood',1,34.27),
    ('Camões 1º Direito', 'Camões 1º Direito', 2, 40.00),
    ('Camões 1º Esquerdo', 'Camões 1º Esquerdo', 2, 40.00),
    ('Camões 2º Direito', 'Camões 2º Direito', 2, 40.00),
    ('Camões 2º Esquerdo', 'Camões 2º Esquerdo', 2, 40.00),
    ('Camões 3º Direito', 'Camões 3º Direito', 2, 40.00),
    ('Camões 3º Esquerdo', 'Camões 3º Esquerdo', 2, 33.00),
    ('Camões 4º Direito', 'Camões 4º Direito', 2, 40.00),
    ('Camões 4º Esquerdo', 'Camões 4º Esquerdo', 2, 40.00),
    ('Camões 5º Direito', 'Camões 5º Direito', 2, 40.00);
