-- =============================
-- CLIENTS
-- =============================
insert into client (id, name, nif, email, address) values
    (1, 'TBI Investimentos Unipessoal Lda', '513557628', 'marcio.coutinho@tbi-invest.com', 'Av. da República 55 5 Esq. 4450-241 Matosinhos'),
    (2, 'Rodrigo Mendes - Ritualalcance', '514834404', 'Rodrigogalizamendes@hotmail.com', 'Rua Tenente Valadim, n.° 252 4100- 476 Porto'),
    (3, 'Jefrey Rene Santana','310034264','', 'Rua da Corticeira nº 8, 4000-184'),
    (4, 'Hugo Oliveira Campos Unipessoal LDA','515644706', 'all.relax.porto@gmail.com', 'Porto'),
    (5, 'Nomads Apartamentos Turísticos, Sociedade Unipessoal LDA', '514760826', 'finance@nomadcityflats.com', 'Avenida da Boavista 1203, sala 108, 4100-130 Porto'),
    (6, 'Oporto Station Hostel & Rooms II, Lda', '515663301', 'Fornecedores@oshr.pr', 'Rua Justino Teixeira, 262 4300-275 Porto');

-- =============================
-- EMPLOYEES
-- =============================
insert into employee (name) values
    ('Elisabete'),
    ('Larissa'),
    ('Armanda'),
    ('Patrícia'),
    ('Andreia'),
    ('Paula'),
    ('Andreza'),
    ('Pri');

-- =============================
-- HOUSES
-- short_name is what the bot shows: "Casa 1", etc.
-- name can be more descriptive later.
-- =============================
insert into house (name, short_name, client_id, price_per_clean) values
    ('Almada Luxury House with A/C, Downtown near Metro - Rua do Almada','Almada',1,32.20),
    ('Art Deco 11 Luxury 2BR Apartment Downtown Metro AC - Rua do Campinho','Art Deco 11',1,43.50),
    ('Art Deco 12 Luxury 2BR Apartment Downtown Metro AC - Rua do Campinho','Art Deco 12',1,43.50),
    ('Art Deco 13 Luxury 2BR Apartment Downtown Metro AC - Avenida Rodrigues de Freitas','Art Deco 13',1,43.50),
    ('Art Deco 14 Luxury Apartment Downtown Metro AC - Avenida Rodrigues de Freitas','Art Deco 14',1,32.20),
    ('Art Deco 21 Luxury 2BR Apartment Downtown Metro AC - Rua do Campinho','Art Deco 21',1,43.50),
    ('Art Deco 22 Luxury 2BR Apartment Downtown Metro AC - Rua do Campinho','Art Deco 22',1,43.50),
    ('Art Deco 23 Luxury 2BR Apartment Downtown Metro AC - Avenida Rodrigues de Freitas','Art Deco 23',1,43.50),
    ('Art Deco 24 Luxury Apartment Downtown Metro AC - Avenida Rodrigues de Freitas','Art Deco 24',1,32.20),
    ('Art Deco 31 Luxury 2BR Apartment Downtown Metro AC - Rua do Campinho','Art Deco 31',1,43.50),
    ('Art Deco 32 Luxury 2BR Apartment Downtown Metro AC - Rua do Campinho','Art Deco 32',1,43.50),
    ('Art Deco 33 Luxury 2BR Apartment Downtown Metro AC - Avenida Rodrigues de Freitas','Art Deco 33',1,43.50),
    ('Art Deco 34 Luxury 2BR Apartment Downtown Metro AC - Avenida Rodrigues de Freitas','Art Deco 34',1,32.20),
    ('Art Deco 41 Luxury Apartment Downtown Metro AC - Rua do Campinho','Art Deco 41',1,35.70),
    ('Art Deco 42 Luxury 2BR Apartment Downtown Metro AC - Rua do Campinho','Art Deco 42',1,43.50),
    ('Bailarina Historic Luxury House at Rua das Flores - Rua do Ferraz','Bailarina',1,43.50),
    ('Beautiful Loft w/AC, Balcony , Downtown near Metro - Rua de Camões','Loft',1,32.20),
    ('Bicycle Luxury House, parking, downtown near metro - Rua da Alegria','Bicycle',1,32.20),
    ('Camões Apartment with A/C near Metro - Rua de Camões','Rua de Camões',1,32.20),
    ('Cedofeita Sunshine Luxury Apartment Downtown Porto - Rua de Cedofeita','Cedofeita',1,32.20),
    ('Central Luxury Apartment w/AC Metro Downtown Porto - Rua do Pinheiro','Central',1,32.20),
    ('Chimney Luxury House w/AC - Avenida de Rodrigues de Freitas','Chimney',1,32.20),
    ('Cinema Luxury House, A/C Downtown Porto near Metro - Rua de Santo Ildefonso','Cinema',1,35.70),
    ('City Luxury Apartment, Downtown Porto near Metro - Rua de Costa Cabral','City',1,35.70),
    ('Cosy House Downtown Porto w/ swimming pool and AC - Rua Clemente Meneres','SP4',1,32.20),
    ('Discovery Luxury Historic House At Rua das Flores - Rua do Ferraz','Discovery',1,35.70),
    ('Duque Luxury Apartment Downtown Porto near Metro - Rua Duque de Loulé','Duque',1,35.70),
    ('Duque 3 Luxury Apartment Downtown Porto near Metro - Rua Duque de Loulé','Duque',1,35.70),
    ('Estefânia Luxury Apartment Historic House Downtown - Rua do Ferraz','Estefânia',1,35.70),
    ('Exclusive Charm House - Avenida Rodrigues Freitas','Exclusive',1,32.20),
    ('Library House - Avenida Rodrigues Freitas','Library',1,32.20),
    ('Fashion Luxury House with A/C, Downtown near Metro - Rua de Santo Ildefonso','Fashion',1,35.70),
    ('Garden Luxury House | Downtown Oporto with AC - Rua Alexandre Herculano','Alexandre Herculado',1,50.00),
    ('Glamour by the River - Rua de São Vitor','Glamour',1,32.20),
    ('Golden Factory Apartment Downtown, Terrace and AC - Avenida Rodrigues de Freitas','Factory',1,32.20),
    ('Green Garden Luxury House w/ AC, Metro & Downtown - Rua de Santo Ildefonso 410','Green Garden',1,32.20),
    ('Historic Porto Nook Downtown Porto near metro - Rua do Cativo','Cativo',1,32.20),
    ('Industrial Cozy Loft, Downtown Porto - R. Dr. Alves da Veiga','Industrial',1,32.20),
    ('Login Luxury Apartment - Rua Formosa','Login',1,32.20),
    ('Lovely Nest w/AC, Charm house Downtown Porto near - Rua de Dom João IV','Lovely',1,35.70),
    ('Luxury Artistic House, Downtown Porto near Metro - Rua do Almada','Artistic',1,32.20),
    ('Luxury House with A/C, Downtown Porto near Metro - Rua de Santo Ildefonso','Luxury',1,35.70),
    ('Luxury Studio, with A/C Downtown Porto near Metro - Rua do Almada','Studio',1,32.20),
    ('Luxury Style 5 with A/C Downtown Porto near Metro - Rua Entreparedes','Style 5',1,32.20),
    ('Luxury Style 10 with A/C Downtown Porto near Metro - Rua Entreparedes','Style 1',1,32.20),
    ('Luxury Style 20 with AC Downtown Porto near Metro - Rua Entreparedes','Style 2',1,35.70),
    ('Luxury Style 30 with AC Downtown Porto near Metro - Rua Entreparedes','Style 3',1,32.20),
    ('Luxury Style 4 with A/C Downtown Porto near Metro - Rua Entreparedes','Style 4',1,32.20),
    ('Luxury Style 6 with A/C Downtown Porto near Metro - Rua Entreparedes','Style 6',1,32.20),
    ('Luxury Style 7 with A/C Downtown Porto near Metro - Rua Entreparedes','Style 7',1,32.20),
    ('Luxury Style 8 with A/C Downtown Porto near Metro - Rua Entreparedes','Style 8',1,32.20),
    ('Luxury Swimming Pool 1 with AC, Downtown and Metro - Rua dos Mártires da Liberdade','SP1',1,32.20),
    ('Luxury Swimming Pool 2 with AC, Downtown and Metro - Rua dos Mártires da Liberdade','SP2',1,32.20),
    ('Magnolia 1 Luxury with AC Metro Downtown Porto - Rua do Pinheiro','Magnolia 1',1,32.20),
    ('Magnolia 3 Luxury with AC Metro Downtown Porto - Rua do Pinheiro','Magnolia 3',1,32.20),
    ('Magnolia 5 Luxury with AC Metro Downtown Porto - Rua do Pinheiro','Magnolia 5',1,60.00),
    ('Magnolia 6 Luxury with AC Metro Downtown Porto - Rua do Pinheiro','Magnolia 6',1,35.70),
    ('Maria Pia Historic Luxury Apartment with Terrace - Rua do Ferraz','Maria Pia',1,35.70),
    ('Modern Loft, with AC, Metro, Downtown Porto - Rua do Pinheiro','Modern',1,32.20),
    ('Nature Cosy Private House,w/AC Downtown near Metro - Rua de São Brás','Nature',1,32.20),
    ('Nautical Luxury Loft - Rua do Freixo','Nautical',1,32.20),
    ('Oporto Artists Loft, Duplex Downtown near Metro - Rua da Torrinha','Artists',1,39.00),
    ('Oporto Swimming Pool House with AC, Downtown Metro - Rua dos Mártires da Liberdade','Oporto',1,32.20),
    ('Panoramic Luxury Apartment with Terrace AC Metro - Rua do Pinheiro','Panoramic',1,32.20),
    ('Poetry Luxury House, with A/C Downtown near Metro - Rua do Almada','Poetry',1,32.20),
    ('Pop Art Luxury Apartment w/Ac - Rua do Almada','Pop Art',1,32.20),
    ('Romantic Luxury House w/ Captivating Outdoor Patio - Rua António Cândido','Romantic',1,50.00),
    ('Santa Catarina Charm Apartment Downtown near Metro - Rua Santa Catarina','Santa Catarina',1,32.20),
    ('São Bento Luxury Hideaway 2 Bedroom Downtown Porto - Rua Cimo da Vila','São Bento',1,32.20),
    ('Skylight Luxury House with A/C in Downtown Porto - Rua do Almada','Skylight',1,32.20),
    ('Stylish Downtown Porto Duplex 2BR Walk everywhere! - Rua Mouzinho da Silveira','Stylish',1,43.50),
    ('Sunflower Luxury Loft with AC Metro Downtown Porto - Rua do Pinheiro','Sunflower',1,32.20),
    ('Sunny and Spacious House, 4BD 3Bath Downtown Porto - Rua do Breiner','Breiner',1,100.00),
    ('Sunset Luxury House with Garden A/C Downtown Porto - Rua do Almada','Sunset',1,35.70),
    ('Sunshine Luxury House Urban Retreat Downtown Porto - Rua do Heroísmo','Sunshine',1,32.20),
    ('Swimming Pool Luxury House, with AC Downtown Porto - Rua de Clemente Meneres','SP3',1,32.20),
    ('Terrace Bliss w/AC Downtown Porto - Rua Martires da Liberdade','Bliss',1,35.70),
    ('The Bitcoin Chapel | Iconic Luxury Residence - Rua do Ferraz','Capela',1,35.70),
    ('The Luxe Cube Apartment, A/C, Downtown near Metro - Largo dos Loios','Cube',1,32.20),
    ('Theater Studio with AC, Downtown Porto near Metro - Avenida de Rodrigues de Freitas','Theater',1,32.20),
    ('Trindade Essence Duo Suites - Travessa Alferes Malheiro','Trindade',1,43.50),
    ('Urban Luxury Apartment, Downtown Porto near Metro - Rua de Costa Cabral','Urban',1,35.70),
    ('Victoria Luxury Apartment, Historic House Downtown - Rua do Ferraz','Victoria',1,50.00),
    ('Vintage Luxury House with A/C, Downtown near Metro - Rua do Bonjardim','Vintage',1,32.20),
    ('Wine Luxury House, Downtown Porto near Metro - Rua das Fontainhas','Wine',1,32.20),
    ('Wood Haven Luxury Duplex Downtown Porto with A/C - Rua da Torrinha','Wood',1,39.00),
    ('Camões 1º Direito', 'Camões 1º Direito', 2, 40.00),
    ('Camões 1º Esquerdo', 'Camões 1º Esquerdo', 2, 40.00),
    ('Camões 2º Direito', 'Camões 2º Direito', 2, 40.00),
    ('Camões 2º Esquerdo', 'Camões 2º Esquerdo', 2, 40.00),
    ('Camões 3º Direito', 'Camões 3º Direito', 2, 40.00),
    ('Camões 3º Esquerdo', 'Camões 3º Esquerdo', 2, 33.00),
    ('Camões 4º Direito', 'Camões 4º Direito', 2, 40.00),
    ('Camões 4º Esquerdo', 'Camões 4º Esquerdo', 2, 40.00),
    ('Camões 5º Direito', 'Camões 5º Direito', 2, 40.00),
    ('Charm', 'Charm', 3, 35.00),
    ('CRA1', 'CRA1', 4, 21.00),
    ('CRA2', 'CRA2', 4, 21.00),
    ('ET1', 'ET1', 4, 21.00),
    ('ET2', 'ET2', 4, 25.00),
    ('DRA', 'DRA', 4, 25.00),
    ('FRA', 'FRA', 4, 25.00),
    ('IBA', 'IBA', 4, 21.00),
    ('Lapa', 'Lapa', 4, 25.00),
    ('MRA', 'MRA', 4, 21.00),
    ('Place', 'Place', 4, 25.00),
    ('SRA1', 'SRA1', 4, 21.00),
    ('River', 'River', 4, 21.00),
    ('AV', 'AV', 4, 21.00),
    ('BB8', 'BB8', 4, 21.00),
    ('PRA', 'PRA', 4, 21.00),
    ('Catedral', 'Catedral', 4, 21.00),
    ('SBRA', 'SBRA', 4, 21.00),
    ('R. do Bonjardim 1001, 1º frente','Bonjardim 1001 1F',5,37.00),
    ('R. do Bonjardim 1001, 1º trás','Bonjardim 1001 1T',5,37.00),
    ('R. do Bonjardim 1001, 2º frente','Bonjardim 1001 2F',5,37.00),
    ('R. do Bonjardim 1001, 2º trás','Bonjardim 1001 2T',5,37.00),
    ('Av. Rodrigues de Freitas 164, RC esq','Rodrigues Freitas 164 RCE',5,37.00),
    ('Av. Rodrigues de Freitas 164, RC dto','Rodrigues Freitas 164 RCD',5,37.00),
    ('Av. Rodrigues de Freitas 164, 1º frente','Rodrigues Freitas 164 1F',5,37.00),
    ('Av. Rodrigues de Freitas 164, 1º trás','Rodrigues Freitas 164 1T',5,37.00),
    ('R. Duque de Saldanha 441, 2º E','Saldanha 441 2E',5,37.00),
    ('R. Duque de Saldanha 441, 3º F','Saldanha 441 3F',5,37.00),
    ('R. Formosa 28, 1º C','Formosa 28 1C',5,37.00),
    ('R. Formosa 28, 1º D','Formosa 28 1D',5,37.00),
    ('R. Formosa 28, 2º H','Formosa 28 2H',5,37.00),
    ('R. do Almada 551, 2º esq trás','Almada 551 2ET',5,37.00),
    ('R. do Almada 551, 3º esq trás','Almada 551 3ET',5,37.00),
    ('R. Coelho Neto 37, RC trás','Coelho Neto 37 RCT',5,37.00),
    ('R. Coelho Neto 37, 2º trás','Coelho Neto 37 2T',5,37.00),
    ('R. Coelho Neto 37, 3º frente','Coelho Neto 37 3F',5,37.00),
    ('R. Dr. Alberto Aires de Gouveia 23, 3º I','Aires Gouveia 23 3I',5,37.00),
    ('R. Dr. Alberto Aires de Gouveia 23, 2º F','Aires Gouveia 23 2F',5,37.00),
    ('R. de Cedofeita 516, 4º esq','Cedofeita 516 4E',5,37.00),
    ('Tv. do Carregal 156, 5º esq','Carregal 156 5E',5,37.00),
    ('R. das Doze Casas 150, 2º D','Doze Casas 150 2D',5,37.00),
    ('R. Cinco de Outubro 296, 6º esq','5 Outubro 296 6E',5,37.00),
    ('R. Senhora das Dores 122, 1º M','Senhora Dores 122 1M',5,37.00),
    ('R. de Camões 848, 2º dto','Camoes 848 2D',5,37.00),
    ('R. José Cardoso da Silva 15, 2º BY','Cardoso Silva 15 2BY',5,37.00),
    ('R. do Rosário 272, 3º trás','Rosario 272 3T',5,37.00),
    ('R. 1º de Maio 148, 2º P','1 Maio 148 2P',5,37.00),
    ('R. Mouzinho de Albuquerque 363, 3º dto frente','Mouzinho 363 3DF',5,37.00),
    ('R. Cinco de Outubro 248, 3º','5 Outubro 248 3',5,41.00),
    ('R. Egas Moniz 18, 1º','Egas Moniz 18 1',5,41.00),
    ('R. do Almada 551, RC trás dto','Almada 551 RCTD',5,41.00),
    ('R. Joaquim António de Aguiar 182, 2º trás','Aguiar 182 2T',5,41.00),
    ('Praça das Flores 84, 2º dto','Flores 84 2D',5,41.00),
    ('R. Firmeza 324, 3º dto','Firmeza 324 3D',5,41.00),
    ('R. Roberto Ivens 1309, 1º dto frente','Roberto Ivens 1309 1DF',5,41.00),
    ('R. Cabo Borges 219, 3º dto','Cabo Borges 219 3D',5,41.00),
    ('R. do Pilar 22, 2º M','Pilar 22 2M',5,41.00),
    ('R. do Pilar 22, 5º Z','Pilar 22 5Z',5,41.00),
    ('R. Guedes de Azevedo 33, 1º','Guedes Azevedo 33 1',5,57.00),
    ('R. Guedes de Azevedo 33, 2º','Guedes Azevedo 33 2',5,57.00),
    ('R. Guedes de Azevedo 33, 3º','Guedes Azevedo 33 3',5,57.00),
    ('R. António Cândido 262, 1º','Antonio Candido 262 1',5,57.00),
    ('R. António Cândido 262, 2º','Antonio Candido 262 2',5,57.00),
    ('Estação 1','Quarto 01',6,20.00),
    ('Estação 4','Quarto 04',6,20.00),
    ('Estação 11','Quarto 11',6,20.00),
    ('Estação 11','Quarto 12',6,20.00),
    ('Estação 13','Quarto 13',6,20.00),
    ('Estação 13','Quarto 14',6,20.00),
    ('Estação 15','Quarto 15',6,20.00),
    ('Estação 16','Quarto 16',6,20.00),
    ('Estação 21','Quarto 21',6,20.00);
